TableName,ColumnName,Description,PK,DataType,Length,DefaultValue,Nullable,ForeignTable,ForeignCol
AerialCover                                       ,Cactus                                                                     ,,FALSE,Integer                  ,4,0,TRUE,,
AerialCover                                       ,Comments                                                                   ,,FALSE,Text                     ,100,                                                  ,TRUE,,
AerialCover                                       ,EventID                                                                    ,,TRUE,Text                     ,50,                                                  ,FALSE,,
AerialCover                                       ,Forbs                                                                      ,,FALSE,Integer                  ,4,                                                  ,TRUE,,
AerialCover                                       ,Gram                                                                       ,,FALSE,Integer                  ,4,                                                  ,TRUE,,
AerialCover                                       ,Nativity                                                                   ,,FALSE,Text                     ,255,                                                  ,TRUE,,
AerialCover                                       ,Shrubs                                                                     ,,FALSE,Integer                  ,4,                                                  ,TRUE,,
AerialCover                                       ,Species                                                                    ,,TRUE,Text                     ,255,                                                  ,FALSE,,
AerialCover                                       ,Status                                                                     ,,TRUE,Text                     ,255,                                                  ,FALSE,,
AerialCover                                       ,TreeRegen                                                                  ,,FALSE,Integer                  ,4,                                                  ,TRUE,,
bempCanopy                                        ,Cover                                                                      ,,FALSE,Integer                  ,4,                                                  ,TRUE,,
bempCanopy                                        ,EventID                                                                    ,,TRUE,Text                     ,50,                                                  ,TRUE,,
bempCanopy                                        ,Height                                                                     ,,FALSE,Integer                  ,4,                                                  ,TRUE,,
bempCanopy                                        ,Location                                                                   ,,FALSE,Text                     ,2,                                                  ,FALSE,,
bempCanopy                                        ,Plants                                                                     ,,FALSE,Integer                  ,4,                                                  ,TRUE,,
bempCenterTrees                                   ,EventID                                                                    ,,TRUE,Text                     ,50,                                                  ,FALSE,,
bempCenterTrees                                   ,LargeCount                                                                 ,"Count of >8"" DBH/DRC",FALSE,Integer                  ,4,0,TRUE,,
bempCenterTrees                                   ,MedCount                                                                   ,"Count of 4-8"" DBH/DRC",FALSE,Integer                  ,4,0,TRUE,,
bempCenterTrees                                   ,SmallCount                                                                 ,"Count of 2-4"" DBH/DRC",FALSE,Integer                  ,2,0,TRUE,,
bempCenterTrees                                   ,Species                                                                    ,Tree species,FALSE,Text                     ,255,                                                  ,TRUE,,
bempIntercept                                     ,Cover                                                                      ,"Ground cover; bare, leaf litter, large woody debris",FALSE,Text                     ,5,                                                  ,TRUE,,
bempIntercept                                     ,EventID                                                                    ,Event ID,TRUE,Text                     ,50,                                                  ,FALSE,,
bempIntercept                                     ,Position                                                                   ,Position along 98ft point intercept,TRUE,Integer                  ,4,                                                  ,FALSE,,
bempIntercept                                     ,VegForm                                                                    ,"Grass, sedge, forb, shrub under 20in, none",FALSE,Text                     ,5,                                                  ,TRUE,,
bempSmallTrees                                    ,Count                                                                      ,Tally of small trees or shrubs between 0.2 and 2in DBH/DRC,FALSE,Integer                  ,4,0,TRUE,,
bempSmallTrees                                    ,EventID                                                                    ,EventID,TRUE,Text                     ,50,                                                  ,FALSE,,
bempSmallTrees                                    ,Location                                                                   ,Locations along the transect,FALSE,Text                     ,255,                                                  ,TRUE,,
BioPhysical                                       ,AspectAzimuth                                                              ,dominant aspect azimuth,FALSE,Integer                  ,4,                                                  ,TRUE,,
BioPhysical                                       ,DepthtoGroundWater                                                         ,distance to ground water in feet,FALSE,Text                     ,255,                                                  ,TRUE,,
BioPhysical                                       ,DisttoStream                                                               ,distance from project boundary to nearest stream in feet,FALSE,Text                     ,255,                                                  ,TRUE,,
BioPhysical                                       ,EcologicalSiteType                                                         ,dominant site type based on NRCS WSS,FALSE,Memo                     ,0,                                                  ,TRUE,,
BioPhysical                                       ,ElevationFt                                                                ,elevation on site,FALSE,Integer                  ,4,0,TRUE,,
BioPhysical                                       ,FireImpactsDetails                                                         ,comments/details about fire impacts,FALSE,Memo                     ,0,                                                  ,TRUE,,
BioPhysical                                       ,HinkandOhmartClass                                                         ,dominant H&O classification based on aerial imagery,FALSE,Text                     ,255,                                                  ,TRUE,,
BioPhysical                                       ,KnownFireImpacts                                                           ,known fire impacts on site,FALSE,Yes/No                   ,1,No                                                ,TRUE,,
BioPhysical                                       ,LandUseCurrent                                                             ,current dominant land use,FALSE,Text                     ,255,                                                  ,TRUE,,
BioPhysical                                       ,LandUsePrevious                                                            ,previous dominant land use,FALSE,Text                     ,255,                                                  ,TRUE,,
BioPhysical                                       ,MaxPercentSlope                                                            ,maximum percent slope recorded on site,FALSE,Text                     ,255,                                                  ,TRUE,,
BioPhysical                                       ,PercentSlope                                                               ,"average site percent slope, in ranges: 5, 10, 15, 20, etc.",FALSE,Text                     ,255,                                                  ,TRUE,,
BioPhysical                                       ,PreTreatmentSiteDisturbance                                                ,information on disturbances existing on site prior to treatment implementation,FALSE,Memo                     ,0,                                                  ,TRUE,,
BioPhysical                                       ,PreviousRestorationTx                                                      ,has previous restoration treatment occurred on site?,FALSE,Yes/No                   ,1,No                                                ,TRUE,,
BioPhysical                                       ,PreviousRestorationTxInfo                                                  ,information about previous restoration treatments,FALSE,Memo                     ,0,                                                  ,TRUE,,
BioPhysical                                       ,PrjID                                                                      ,,TRUE,Text                     ,255,                                                  ,FALSE,,
BioPhysical                                       ,StreamflowonSite                                                           ,is there streamflow on/through the site?,FALSE,Yes/No                   ,1,No                                                ,TRUE,,
BioPhysical                                       ,TamariskBeetle                                                             ,is tamarisk beetle on site before treatment?,FALSE,Yes/No                   ,1,No                                                ,TRUE,,
BioPhysical                                       ,TechnicalLimitations                                                       ,what are the primary technical challenges/project limitations existing on site?,FALSE,Text                     ,255,                                                  ,TRUE,,
BioPhysical                                       ,TechnicalLimitationsComments                                               ,additional information on technical limitations,FALSE,Text                     ,255,                                                  ,TRUE,,
CanopyDensiometer                                 ,Canopy                                                                     ,,FALSE,Text                     ,15,                                                  ,TRUE,,
CanopyDensiometer                                 ,Comment                                                                    ,,FALSE,Text                     ,100,                                                  ,TRUE,,
CanopyDensiometer                                 ,DensE                                                                      ,,FALSE,Integer                  ,4,                                                  ,TRUE,,
CanopyDensiometer                                 ,DensN                                                                      ,,FALSE,Integer                  ,4,                                                  ,TRUE,,
CanopyDensiometer                                 ,DensS                                                                      ,,FALSE,Integer                  ,4,                                                  ,TRUE,,
CanopyDensiometer                                 ,DensW                                                                      ,,FALSE,Integer                  ,4,                                                  ,TRUE,,
CanopyDensiometer                                 ,DotsCount                                                                  ,,FALSE,Integer                  ,4,                                                  ,TRUE,,
CanopyDensiometer                                 ,EventID                                                                    ,,TRUE,Text                     ,50,                                                  ,FALSE,,
CanopyDensiometer                                 ,Point                                                                      ,,FALSE,Integer                  ,4,                                                  ,TRUE,,
CanopyDensiometer                                 ,Transect                                                                   ,,FALSE,Integer                  ,4,                                                  ,TRUE,,
DamageCodes                                       ,DamageCode                                                                 ,NPS Damage Code,TRUE,Text                     ,255,                                                  ,FALSE,,
DamageCodes                                       ,Description                                                                ,Damage description,FALSE,Text                     ,255,                                                  ,TRUE,,
DamageCodes                                       ,Notes                                                                      ,Additional notes,FALSE,Text                     ,255,                                                  ,TRUE,,
DamageSev                                         ,DamageCode                                                                 ,,TRUE,Text                     ,255,                                                  ,FALSE,,
DamageSev                                         ,DamageSev                                                                  ,,TRUE,Text                     ,255,                                                  ,FALSE,,
DamageSev                                         ,Description                                                                ,,FALSE,Memo                     ,0,                                                  ,TRUE,,
DamageSev                                         ,Notes                                                                      ,,FALSE,Memo                     ,0,                                                  ,TRUE,,
Event                                             ,CameraID                                                                   ,ID of camera used for photos,FALSE,Text                     ,255,                                                  ,TRUE,,
Event                                             ,Comment                                                                    ,,FALSE,Memo                     ,0,                                                  ,TRUE,,
Event                                             ,Declination                                                                ,Magnetic declination in degrees,FALSE,Double                   ,8,7,TRUE,,
Event                                             ,EventDate                                                                  ,,FALSE,Date/Time                ,8,                                                  ,FALSE,,
Event                                             ,EventID                                                                    ,,TRUE,Text                     ,50,                                                  ,FALSE,,
Event                                             ,FuelsObserver                                                              ,,FALSE,Text                     ,25,                                                  ,TRUE,,
Event                                             ,FuelsRecorder                                                              ,,FALSE,Text                     ,25,                                                  ,TRUE,,
Event                                             ,MonitoringStatus                                                           ,,FALSE,Text                     ,25,                                                  ,TRUE,,
Event                                             ,NumTransect                                                                ,,FALSE,Integer                  ,2,1,TRUE,,
Event                                             ,PlotID                                                                     ,,FALSE,Text                     ,50,                                                  ,FALSE,,
Event                                             ,PlotObserver                                                               ,,FALSE,Text                     ,25,                                                  ,TRUE,,
Event                                             ,PlotRecorder                                                               ,,FALSE,Text                     ,25,                                                  ,TRUE,,
Event                                             ,TreeObserver                                                               ,,FALSE,Text                     ,25,                                                  ,TRUE,,
Event                                             ,TreeRecorder                                                               ,,FALSE,Text                     ,25,                                                  ,TRUE,,
Event                                             ,VisitID                                                                    ,,FALSE,Text                     ,255,                                                  ,TRUE,,
Fuels1000Hr                                       ,Comment                                                                    ,Additional comments,FALSE,Text                     ,255,                                                  ,TRUE,,
Fuels1000Hr                                       ,DecayClass                                                                 ,Decay class of fuel,FALSE,Text                     ,10,                                                  ,TRUE,,
Fuels1000Hr                                       ,Diameter                                                                   ,Diameter of fuel,FALSE,Integer                  ,2,                                                  ,TRUE,,
Fuels1000Hr                                       ,EventID                                                                    ,Event ID,TRUE,Text                     ,50,                                                  ,FALSE,,
Fuels1000Hr                                       ,LogNum                                                                     ,Number of 1000 hr fuel,TRUE,Integer                  ,2,                                                  ,FALSE,,
Fuels1000Hr                                       ,Transect                                                                   ,Transect on which fuel was found,TRUE,Integer                  ,2,                                                  ,FALSE,,
FuelsDuffLitter                                   ,Comment                                                                    ,,FALSE,Text                     ,100,                                                  ,TRUE,,
FuelsDuffLitter                                   ,DuffDepth                                                                  ,,FALSE,Double                   ,8,                                                  ,TRUE,,
FuelsDuffLitter                                   ,EventID                                                                    ,,TRUE,Text                     ,50,                                                  ,FALSE,,
FuelsDuffLitter                                   ,FuelbedDepth                                                               ,,FALSE,Double                   ,8,                                                  ,TRUE,,
FuelsDuffLitter                                   ,LitterDepth                                                                ,,FALSE,Double                   ,8,                                                  ,TRUE,,
FuelsDuffLitter                                   ,Offset                                                                     ,,FALSE,Integer                  ,4,                                                  ,TRUE,,
FuelsDuffLitter                                   ,SampleLoc                                                                  ,,TRUE,Integer                  ,4,                                                  ,FALSE,,
FuelsDuffLitter                                   ,Transect                                                                   ,,TRUE,Integer                  ,4,                                                  ,FALSE,,
FuelsFine                                         ,Comment                                                                    ,Additional comments,FALSE,Text                     ,100,                                                  ,TRUE,,
FuelsFine                                         ,EventID                                                                    ,Event ID,TRUE,Text                     ,50,                                                  ,FALSE,,
FuelsFine                                         ,HundredHour                                                                ,100Hr Fuels Count,FALSE,Integer                  ,4,                                                  ,TRUE,,
FuelsFine                                         ,OneHour                                                                    ,1Hr Fuels count,FALSE,Integer                  ,4,                                                  ,TRUE,,
FuelsFine                                         ,Slope                                                                      ,Slope of fuel line,FALSE,Integer                  ,4,                                                  ,TRUE,,
FuelsFine                                         ,TenHour                                                                    ,10Hr Fuels count,FALSE,Integer                  ,4,                                                  ,TRUE,,
FuelsFine                                         ,Transect                                                                   ,Event transect ID,TRUE,Integer                  ,4,                                                  ,FALSE,,
GroundCover                                       ,BareSoil                                                                   ,,FALSE,Double                   ,8,                                                  ,TRUE,,
GroundCover                                       ,Bole                                                                       ,,FALSE,Double                   ,8,                                                  ,TRUE,,
GroundCover                                       ,Comment                                                                    ,,FALSE,Text                     ,100,                                                  ,TRUE,,
GroundCover                                       ,EventID                                                                    ,,TRUE,Text                     ,50,                                                  ,FALSE,,
GroundCover                                       ,Gravel                                                                     ,,FALSE,Single                   ,4,                                                  ,TRUE,,
GroundCover                                       ,Litter                                                                     ,,FALSE,Double                   ,8,                                                  ,TRUE,,
GroundCover                                       ,PlantBasal                                                                 ,,FALSE,Double                   ,8,                                                  ,TRUE,,
GroundCover                                       ,Rock                                                                       ,,FALSE,Double                   ,8,                                                  ,TRUE,,
nmramBiotic                                       ,Comments                                                                   ,Additional comments,FALSE,Text                     ,255,                                                  ,TRUE,,
nmramBiotic                                       ,EventID                                                                    ,Event ID,TRUE,Text                     ,50,                                                  ,FALSE,,
nmramBiotic                                       ,InvCover                                                                   ,Invasive species percent cover,FALSE,Integer                  ,4,                                                  ,TRUE,,
nmramBiotic                                       ,InvSpp                                                                     ,Invasive species: list codes,FALSE,Text                     ,255,                                                  ,TRUE,,
nmramBiotic                                       ,PolyID                                                                     ,polygon in project area,TRUE,Integer                  ,2,                                                  ,FALSE,,
nmramBiotic                                       ,RegenCover                                                                 ,Tree regeneration percent cover,FALSE,Integer                  ,2,                                                  ,TRUE,,
nmramBiotic                                       ,StrucType                                                                  ,Structure type,FALSE,Text                     ,255,                                                  ,TRUE,,
nmramBiotic                                       ,WetSpp                                                                     ,Wetlands species: list codes,FALSE,Text                     ,255,                                                  ,TRUE,,
nmramComp                                         ,Comment                                                                    ,,FALSE,Text                     ,100,                                                  ,TRUE,,
nmramComp                                         ,CT                                                                         ,,TRUE,Text                     ,5,                                                  ,FALSE,,
nmramComp                                         ,CTRaw                                                                      ,,FALSE,Double                   ,8,                                                  ,TRUE,,
nmramComp                                         ,EventID                                                                    ,,TRUE,Text                     ,50,                                                  ,FALSE,,
nmramComp                                         ,HerbSpp1                                                                   ,,FALSE,Text                     ,6,                                                  ,TRUE,,
nmramComp                                         ,HerbSpp2                                                                   ,,FALSE,Text                     ,6,                                                  ,TRUE,,
nmramComp                                         ,HerbSppEN1                                                                 ,,FALSE,Text                     ,1,                                                  ,TRUE,,
nmramComp                                         ,HerbSppEN2                                                                 ,,FALSE,Text                     ,1,                                                  ,TRUE,,
nmramComp                                         ,PercArea                                                                   ,,FALSE,Integer                  ,4,                                                  ,TRUE,,
nmramComp                                         ,PolyID                                                                     ,,TRUE,Text                     ,50,                                                  ,FALSE,,
nmramComp                                         ,ShortWoodEN1                                                               ,,FALSE,Text                     ,1,                                                  ,TRUE,,
nmramComp                                         ,ShortWoodEN2                                                               ,,FALSE,Text                     ,1,                                                  ,TRUE,,
nmramComp                                         ,ShortWoodSpp1                                                              ,,FALSE,Text                     ,6,                                                  ,TRUE,,
nmramComp                                         ,ShortWoodSpp2                                                              ,,FALSE,Text                     ,6,                                                  ,TRUE,,
nmramComp                                         ,TallWoodEN1                                                                ,,FALSE,Text                     ,1,                                                  ,TRUE,,
nmramComp                                         ,TallWoodEN2                                                                ,,FALSE,Text                     ,1,                                                  ,TRUE,,
nmramComp                                         ,TallWoodSpp1                                                               ,,FALSE,Text                     ,6,                                                  ,TRUE,,
nmramComp                                         ,TallWoodSpp2                                                               ,,FALSE,Text                     ,6,                                                  ,TRUE,,
nmramComp                                         ,WtScore                                                                    ,,FALSE,Double                   ,8,                                                  ,TRUE,,
nmramCover                                        ,AbioticCond                                                                ,Abiotic condition (SA Description),FALSE,Memo                     ,0,                                                  ,TRUE,,
nmramCover                                        ,BioticCond                                                                 ,"Biotic condition: vegetation patterns, composition and structure, exotics and invasives, disturbance evidence, fire and herbivory (SA Description)",FALSE,Memo                     ,0,                                                  ,TRUE,,
nmramCover                                        ,EventID                                                                    ,Event ID,TRUE,Text                     ,50,                                                  ,FALSE,,
nmramCover                                        ,LandContext                                                                ,Landscape context: summarize the wetland and surrounding landscape (SA Description),FALSE,Memo                     ,0,                                                  ,TRUE,,
nmramPolygon                                      ,Comment                                                                    ,Additional comments,FALSE,Text                     ,255,                                                  ,TRUE,,
nmramPolygon                                      ,DateCreated                                                                ,Date created,FALSE,Date/Time                ,8,                                                  ,TRUE,,
nmramPolygon                                      ,Description                                                                ,Brief description,FALSE,Text                     ,255,                                                  ,TRUE,,
nmramPolygon                                      ,PolygonID                                                                  ,Monitoring contractor ID/polygon standard ID,TRUE,Text                     ,255,                                                  ,FALSE,,
nmramPolygon                                      ,PolyName                                                                   ,Name of the polygon,FALSE,Text                     ,255,                                                  ,TRUE,,
nmramPolygon                                      ,Project                                                                    ,Project ID that current polygon falls under,FALSE,Text                     ,255,                                                  ,TRUE,,
nmramScores                                       ,CTScore                                                                    ,Weighted CT score for entire area,FALSE,Double                   ,8,                                                  ,TRUE,,
nmramScores                                       ,EventID                                                                    ,Event ID,TRUE,Text                     ,50,                                                  ,FALSE,,
nmramScores                                       ,Fuels                                                                      ,Surface fuels rating (Table 8),FALSE,Text                     ,255,                                                  ,TRUE,,
nmramScores                                       ,HorizStruct                                                                ,Ratings for overall vegetation horizontal path structure (B2),FALSE,Integer                  ,4,                                                  ,TRUE,,
nmramScores                                       ,InvCover                                                                   ,Rating for invasive exotic plant species cover (Table B5),FALSE,Integer                  ,4,0,TRUE,,
nmramScores                                       ,NativeCommComp                                                             ,Relative native plant community composition rating (B1),FALSE,Integer                  ,4,                                                  ,TRUE,,
nmramScores                                       ,PercInvCover                                                               ,Percent invasive species cover (Worksheet 9),FALSE,Double                   ,8,                                                  ,TRUE,,
nmramScores                                       ,SoilCond                                                                   ,Soil surface condition rating (Table 7),FALSE,Integer                  ,2,                                                  ,TRUE,,
nmramScores                                       ,TreeRegen                                                                  ,Native riparian tree regeneration rating (B4),FALSE,Integer                  ,4,                                                  ,TRUE,,
nmramScores                                       ,VertStruct                                                                 ,Rating for vegetation vertical structure (B3),FALSE,Integer                  ,4,                                                  ,TRUE,,
nmramScoreWts                                     ,HorizStruct                                                                ,Weight for overall vegetation horizontal path structure (B2),FALSE,Double                   ,8,                                                  ,TRUE,,
nmramScoreWts                                     ,ID                                                                         ,,TRUE,AutoNumber               ,4,                                                  ,TRUE,,
nmramScoreWts                                     ,InvCover                                                                   ,Weight for invasive exotic plant species cover (Table B5),FALSE,Double                   ,8,                                                  ,TRUE,,
nmramScoreWts                                     ,NativeCommComp                                                             ,Weight for native plant community composition rating (B1),FALSE,Double                   ,8,                                                  ,TRUE,,
nmramScoreWts                                     ,TreeRegen                                                                  ,Weight for native riparian tree regeneration rating (B4),FALSE,Double                   ,8,                                                  ,TRUE,,
nmramScoreWts                                     ,VertStruct                                                                 ,Weight for vegetation vertical structure (B3),FALSE,Double                   ,8,                                                  ,TRUE,,
nmramStructArea                                   ,Area1                                                                      ,Total % of project area for structural type 1 (Worksheet 8),FALSE,Integer                  ,4,                                                  ,TRUE,,
nmramStructArea                                   ,Area2                                                                      ,Total % of project area for structural type 2 (Worksheet 8),FALSE,Integer                  ,4,                                                  ,TRUE,,
nmramStructArea                                   ,Area5                                                                      ,Total % of project area for structural type 5 (Worksheet 8),FALSE,Integer                  ,4,                                                  ,TRUE,,
nmramStructArea                                   ,Area6H                                                                     ,Total % of project area for structural type 6H (Worksheet 8),FALSE,Integer                  ,4,                                                  ,TRUE,,
nmramStructArea                                   ,Area6S                                                                     ,Total % of project area for structural type 6S (Worksheet 8),FALSE,Integer                  ,4,                                                  ,TRUE,,
nmramStructArea                                   ,Area6W                                                                     ,Total % of project area for structural type 6W (Worksheet 8),FALSE,Integer                  ,4,                                                  ,TRUE,,
nmramStructArea                                   ,Area7                                                                      ,Total % of project area for structural type 7 (Worksheet 8),FALSE,Integer                  ,4,                                                  ,TRUE,,
nmramStructArea                                   ,EventID                                                                    ,Event ID,TRUE,Text                     ,50,                                                  ,FALSE,,
PhotoLog                                          ,BackDesc                                                                   ,Background descriptors,FALSE,Memo                     ,0,                                                  ,TRUE,,
PhotoLog                                          ,Comment                                                                    ,Additional comments,FALSE,Memo                     ,0,                                                  ,TRUE,,
PhotoLog                                          ,Crew                                                                       ,Crew intials of who took the photos,FALSE,Text                     ,255,                                                  ,TRUE,,
PhotoLog                                          ,DateTime                                                                   ,Date the photo was taken,FALSE,Date/Time                ,8,                                                  ,TRUE,,
PhotoLog                                          ,Direction                                                                  ,Direction facing when the photo was taken,FALSE,Text                     ,255,                                                  ,TRUE,,
PhotoLog                                          ,Distance                                                                   ,Distance from photo target (default in feet),FALSE,Double                   ,8,0,TRUE,,
PhotoLog                                          ,DistanceUnits                                                              ,Default units for distance,FALSE,Text                     ,255,"""Feet""                                            ",TRUE,,
PhotoLog                                          ,EventID                                                                    ,Event ID,FALSE,Text                     ,50,                                                  ,FALSE,,
PhotoLog                                          ,ForeDesc                                                                   ,Foreground descriptors,FALSE,Memo                     ,0,                                                  ,TRUE,,
PhotoLog                                          ,Lat                                                                        ,Latitude of photo location (dd.ddd),FALSE,Double                   ,8,                                                  ,TRUE,,
PhotoLog                                          ,Long                                                                       ,Longitude of the photo location (ddd.ddd),FALSE,Double                   ,8,                                                  ,TRUE,,
PhotoLog                                          ,PhotoID                                                                    ,ID of the photo,TRUE,Text                     ,50,                                                  ,FALSE,,
PhotoLog                                          ,PhotoNum                                                                   ,Photo ID produced by the camera,FALSE,Text                     ,25,                                                  ,TRUE,,
Plot                                              ,AdminUnit                                                                  ,,FALSE,Text                     ,50,                                                  ,TRUE,,
Plot                                              ,Aspect                                                                     ,"Aspect of plot, derived from azimuth",FALSE,Text                     ,1,                                                  ,TRUE,,
Plot                                              ,Azimuth                                                                    ,Azimuth of primary slope in plot,FALSE,Integer                  ,2,0,TRUE,,
Plot                                              ,Comment                                                                    ,Additional comments,FALSE,Memo                     ,0,                                                  ,TRUE,,
Plot                                              ,CoordX                                                                     ,Decimal degree X coordinates of plot center,FALSE,Double                   ,8,0,TRUE,,
Plot                                              ,CoordY                                                                     ,Decimal degree Y coordinates of plot center,FALSE,Double                   ,8,0,TRUE,,
Plot                                              ,DateCreated                                                                ,Date plot created,FALSE,Date/Time                ,8,Now()                                             ,TRUE,,
Plot                                              ,Elevation                                                                  ,Elevation of plot,FALSE,Integer                  ,2,                                                  ,TRUE,,
Plot                                              ,ElevationUnits                                                             ,Units for elevation; defaults to feet,FALSE,Text                     ,10,"""Feet""                                            ",TRUE,,
Plot                                              ,MacroPlot                                                                  ,Macro plot size (outer plot) in acres,FALSE,Double                   ,8,                                                  ,TRUE,,
Plot                                              ,MicroPlot                                                                  ,Micro plot size (inner plot) in acress,FALSE,Double                   ,8,                                                  ,TRUE,,
Plot                                              ,Orient16                                                                   ,Orientation of short side of plot (if BEMP),FALSE,Text                     ,255,                                                  ,TRUE,,
Plot                                              ,Orient98                                                                   ,Orientation of long side of plot (if BEMP),FALSE,Text                     ,255,                                                  ,TRUE,,
Plot                                              ,PlotID                                                                     ,Plot ID,TRUE,Text                     ,50,                                                  ,FALSE,,
Plot                                              ,PlotName                                                                   ,Name of the plot,FALSE,Text                     ,255,                                                  ,TRUE,,
Plot                                              ,PlotType                                                                   ,"what type of plot this is (BEMP, Fuels)",FALSE,Text                     ,255,                                                  ,TRUE,,
Plot                                              ,ProjectID                                                                  ,GRGWA project ID,FALSE,Text                     ,50,                                                  ,TRUE,,
Plot                                              ,Slope                                                                      ,Slope angle of primary plot direction,FALSE,Integer                  ,2,0,TRUE,,
Project                                           ,Comment                                                                    ,Any additional comments,FALSE,Memo                     ,0,                                                  ,TRUE,,
Project                                           ,Community                                                                  ,nearest town/area,FALSE,Text                     ,255,                                                  ,TRUE,,
Project                                           ,County                                                                     ,county where project is located,FALSE,Text                     ,255,                                                  ,TRUE,,
Project                                           ,DateCreated                                                                ,Date the project entry was created,FALSE,Date/Time                ,8,Now()                                             ,TRUE,,
Project                                           ,Description                                                                ,Brief description of the project,FALSE,Text                     ,255,                                                  ,TRUE,,
Project                                           ,Owner                                                                      ,specify owner,FALSE,Text                     ,255,                                                  ,TRUE,,
Project                                           ,OwnershipType                                                              ,"Tribal, Private, etc.",FALSE,Text                     ,255,                                                  ,TRUE,,
Project                                           ,ProjectID                                                                  ,Standard project ID,TRUE,Text                     ,255,                                                  ,FALSE,,
Project                                           ,ProjectName                                                                ,Name of the project,FALSE,Text                     ,255,                                                  ,TRUE,,
Project                                           ,SWCD                                                                       ,Sponsor (soil and water conservation district),FALSE,Text                     ,255,                                                  ,TRUE,,
ProjectComment                                    ,AccessConcerns                                                             ,briefly describe any site access concerns,FALSE,Memo                     ,0,                                                  ,TRUE,,
ProjectComment                                    ,Assessment                                                                 ,Could treatment of the project have been done better? How?,FALSE,Memo                     ,0,                                                  ,TRUE,,
ProjectComment                                    ,CommentsNotes                                                              ,other comments or notes,FALSE,Memo                     ,0,                                                  ,TRUE,,
ProjectComment                                    ,ProjectID                                                                  ,,TRUE,Text                     ,255,                                                  ,FALSE,,
SiteType                                          ,Acres                                                                      ,,FALSE,Single                   ,4,0,TRUE,,
SiteType                                          ,ESName                                                                     ,,FALSE,Text                     ,255,                                                  ,TRUE,,
SiteType                                          ,ProjectID                                                                  ,,TRUE,Text                     ,255,                                                  ,FALSE,,
SiteType                                          ,ProjPercent                                                                ,,FALSE,Single                   ,4,0,TRUE,,
SiteType                                          ,SiteType                                                                   ,,FALSE,Text                     ,255,                                                  ,TRUE,,
Soils                                             ,Aspect                                                                     ,Aspect at which soil was collected,TRUE,Text                     ,255,                                                  ,FALSE,,
Soils                                             ,EventID                                                                    ,Event ID,TRUE,Text                     ,255,                                                  ,FALSE,,
Soils                                             ,SoilType                                                                   ,Soil Texture type,FALSE,Text                     ,255,                                                  ,TRUE,,
Species                                           ,BaseSymbol                                                                 ,USDA symbol (one:many relationship),FALSE,Text                     ,7,                                                  ,TRUE,,
Species                                           ,CommonName                                                                 ,State Common Name,FALSE,Text                     ,255,                                                  ,TRUE,,
Species                                           ,Family                                                                     ,Latin family of plant,FALSE,Text                     ,255,                                                  ,TRUE,,
Species                                           ,SciName                                                                    ,Scientific Name with Author,FALSE,Text                     ,255,                                                  ,TRUE,,
Species                                           ,Symbol                                                                     ,Used USDA symbol,TRUE,Text                     ,7,                                                  ,FALSE,,
Species                                           ,SynSymbol                                                                  ,USDA synonym (used for subspecies and variations),FALSE,Text                     ,7,                                                  ,TRUE,,
StructClass                                       ,EventID                                                                    ,EventID,TRUE,Text                     ,255,                                                  ,FALSE,,
StructClass                                       ,Modified                                                                   ,H & O modified dominant structure class,FALSE,Text                     ,255,                                                  ,TRUE,,
StructClass                                       ,Original                                                                   ,H & O original dominant structure class,FALSE,Text                     ,255,                                                  ,TRUE,,
Transect                                          ,Azimuth                                                                    ,Transect Azimuth,FALSE,Integer                  ,4,0,TRUE,,
Transect                                          ,EventID                                                                    ,Event ID,TRUE,Text                     ,50,                                                  ,FALSE,,
Transect                                          ,Length                                                                     ,Transect length (defaults to 75),FALSE,Double                   ,8,75,TRUE,,
Transect                                          ,Slope                                                                      ,Slope along transect,FALSE,Integer                  ,4,0,TRUE,,
Transect                                          ,Transect                                                                   ,Transect Number,TRUE,Integer                  ,2,0,FALSE,,
Treatments                                        ,AcresPlanned                                                               ,how many acres were planned for treatment,FALSE,Text                     ,255,                                                  ,TRUE,,
Treatments                                        ,AcresTreated                                                               ,how many acres were successfully treated,FALSE,Text                     ,255,                                                  ,TRUE,,
Treatments                                        ,AvgMasticationDepth                                                        ,inches of average mastication depth from inspection report,FALSE,Text                     ,255,                                                  ,TRUE,,
Treatments                                        ,AvgPercentMastication                                                      ,average percent mastication ground cover from inspection report,FALSE,Text                     ,255,                                                  ,TRUE,,
Treatments                                        ,ChemAdherencetoGuidelines                                                  ,were chemical guidelines adhered to during treatment?,FALSE,Yes/No                   ,1,No                                                ,TRUE,,
Treatments                                        ,ChemComments                                                               ,comments on chemical use during treatment?,FALSE,Memo                     ,0,                                                  ,TRUE,,
Treatments                                        ,ChemConUsed                                                                ,concentration of chemical used during treatment,FALSE,Text                     ,255,                                                  ,TRUE,,
Treatments                                        ,ChemUsed                                                                   ,chemical used during treatment,FALSE,Text                     ,255,                                                  ,TRUE,,
Treatments                                        ,ContractAward                                                              ,date treatment contract awarded,FALSE,Date/Time                ,8,                                                  ,TRUE,,
Treatments                                        ,Contractor                                                                 ,Name of contractor awarded treatment contract,FALSE,Text                     ,255,                                                  ,TRUE,,
Treatments                                        ,CostContractAward                                                          ,cost of contract awarded,FALSE,Integer                  ,4,0,TRUE,,
Treatments                                        ,DateTxCompleted                                                            ,date this treatment was completed,FALSE,Date/Time                ,8,                                                  ,TRUE,,
Treatments                                        ,DateTxStarted                                                              ,date this treatment began,FALSE,Date/Time                ,8,                                                  ,TRUE,,
Treatments                                        ,Desiredcondition                                                           ,what was the site's desired condition following treatment?,FALSE,Text                     ,255,                                                  ,TRUE,,
Treatments                                        ,DifferenceImpl                                                             ,were there any differences between the planned and the implemented treatment?,FALSE,Yes/No                   ,1,No                                                ,TRUE,,
Treatments                                        ,Differencesinfo                                                            ,explain the differences between planned and implemented treatment,FALSE,Memo                     ,0,                                                  ,TRUE,,
Treatments                                        ,ID                                                                         ,,TRUE,AutoNumber               ,4,                                                  ,TRUE,,
Treatments                                        ,InvasivesonSitenotTargeted                                                 ,were there invasives on site not targeted during treatment?,FALSE,Yes/No                   ,1,No                                                ,TRUE,,
Treatments                                        ,MechanicalTreatment                                                        ,method of mechanical treatment used,FALSE,Text                     ,255,                                                  ,TRUE,,
Treatments                                        ,notTargetedinfo                                                            ,information about invasives not targeted during treatment,FALSE,Memo                     ,0,                                                  ,TRUE,,
Treatments                                        ,OriginalProposalDate                                                       ,when was this treatment originally proposed to grgwa?,FALSE,Date/Time                ,8,                                                  ,TRUE,,
Treatments                                        ,PercentTargetSppRemoved                                                    ,what percentage of target invasives were removed during treatment?,FALSE,Text                     ,255,                                                  ,TRUE,,
Treatments                                        ,Planting                                                                   ,was planting was of the treatment plan?,FALSE,Yes/No                   ,1,No                                                ,TRUE,,
Treatments                                        ,PlantingInfo                                                               ,information on planting that occurred,FALSE,Memo                     ,0,                                                  ,TRUE,,
Treatments                                        ,ProjectGoals                                                               ,main goals from project proposals,FALSE,Memo                     ,0,                                                  ,TRUE,,
Treatments                                        ,ProjectID                                                                  ,,FALSE,Text                     ,255,                                                  ,FALSE,,
Treatments                                        ,ProjectSuccess                                                             ,was project considered successful by all partners?,FALSE,Yes/No                   ,1,No                                                ,TRUE,,
Treatments                                        ,SlashTreatment                                                             ,how was slash handled during treatment?,FALSE,Text                     ,255,                                                  ,TRUE,,
Treatments                                        ,SpecialConsidNativeTrees                                                   ,details on any special considerations taken for native trees?,FALSE,Text                     ,255,                                                  ,TRUE,,
Treatments                                        ,TargetSpp                                                                  ,what were the target species of treatment?,FALSE,Text                     ,255,                                                  ,TRUE,,
Treatments                                        ,TxCategory                                                                 ,what category of treatment is this,FALSE,Text                     ,255,                                                  ,TRUE,,
Treatments                                        ,TxComments                                                                 ,additional information on treatment,FALSE,Memo                     ,0,                                                  ,TRUE,,
TreesIndv                                         ,CharHeight                                                                 ,Height of any char on the tree,FALSE,Double                   ,8,                                                  ,TRUE,,
TreesIndv                                         ,Comment                                                                    ,Additional comments,FALSE,Text                     ,255,                                                  ,TRUE,,
TreesIndv                                         ,DamageCode1                                                                ,Type of damage to tree - 1,FALSE,Text                     ,10,                                                  ,TRUE,,
TreesIndv                                         ,DamageCode2                                                                ,Type of damage to tree - 2,FALSE,Text                     ,10,                                                  ,TRUE,,
TreesIndv                                         ,DamageCode3                                                                ,Type of damage to tree - 3,FALSE,Text                     ,10,                                                  ,TRUE,,
TreesIndv                                         ,DamageCode4                                                                ,Type of damage to tree - 4,FALSE,Text                     ,10,                                                  ,TRUE,,
TreesIndv                                         ,DamageCode5                                                                ,Type of damage to tree - 5,FALSE,Text                     ,10,                                                  ,TRUE,,
TreesIndv                                         ,DamageSev1                                                                 ,Severity of damage - 1,FALSE,Text                     ,10,                                                  ,TRUE,,
TreesIndv                                         ,DamageSev2                                                                 ,Severity of damage - 2,FALSE,Text                     ,10,                                                  ,TRUE,,
TreesIndv                                         ,DamageSev3                                                                 ,Severity of damage - 3,FALSE,Text                     ,10,                                                  ,TRUE,,
TreesIndv                                         ,DamageSev4                                                                 ,Severity of damage - 4,FALSE,Text                     ,10,                                                  ,TRUE,,
TreesIndv                                         ,DamageSev5                                                                 ,Severity of damage - 5,FALSE,Text                     ,10,                                                  ,TRUE,,
TreesIndv                                         ,DBH                                                                        ,Diameter at breast height (in inches),FALSE,Double                   ,8,                                                  ,TRUE,,
TreesIndv                                         ,DRC                                                                        ,Diameter at root crown,FALSE,Double                   ,8,                                                  ,TRUE,,
TreesIndv                                         ,EventID                                                                    ,Event ID,TRUE,Text                     ,50,                                                  ,FALSE,,
TreesIndv                                         ,Height                                                                     ,Tree height (in feet),FALSE,Double                   ,8,                                                  ,TRUE,,
TreesIndv                                         ,LCBH                                                                       ,Live crown base height (in feet),FALSE,Double                   ,8,                                                  ,TRUE,,
TreesIndv                                         ,Mistletoe                                                                  ,Percentage of tree infected with mistletoe,FALSE,Double                   ,8,                                                  ,TRUE,,
TreesIndv                                         ,NuDeStems                                                                  ,Number of dead stems,FALSE,Integer                  ,2,                                                  ,TRUE,,
TreesIndv                                         ,NuLiStems                                                                  ,Number of live stems,FALSE,Integer                  ,2,                                                  ,TRUE,,
TreesIndv                                         ,ScorchHeight                                                               ,Height of scorch on the tree,FALSE,Double                   ,8,                                                  ,TRUE,,
TreesIndv                                         ,Species                                                                    ,Species code,TRUE,Text                     ,255,                                                  ,FALSE,,
TreesIndv                                         ,Status                                                                     ,Tree status: live or dead,FALSE,Text                     ,255,                                                  ,TRUE,,
TreesIndv                                         ,StemNum                                                                    ,Number of stems on tree,TRUE,Integer                  ,2,0,FALSE,,
TreesIndv                                         ,TagNum                                                                     ,Tree number for plot/event,TRUE,Integer                  ,2,0,FALSE,,
TreesSaplings                                     ,Count                                                                      ,,FALSE,Integer                  ,4,                                                  ,TRUE,,
TreesSaplings                                     ,EventID                                                                    ,,TRUE,Text                     ,50,                                                  ,FALSE,,
TreesSaplings                                     ,SizeClassDiam                                                              ,,TRUE,Text                     ,255,                                                  ,FALSE,,
TreesSaplings                                     ,Species                                                                    ,,TRUE,Text                     ,6,                                                  ,FALSE,,
TreesSaplings                                     ,Status                                                                     ,,TRUE,Text                     ,2,                                                  ,FALSE,,
TreesSeedlings                                    ,Count                                                                      ,,FALSE,Integer                  ,4,                                                  ,TRUE,,
TreesSeedlings                                    ,EventID                                                                    ,,TRUE,Text                     ,50,                                                  ,FALSE,,
TreesSeedlings                                    ,SizeClassHt                                                                ,,TRUE,Text                     ,255,                                                  ,FALSE,,
TreesSeedlings                                    ,Species                                                                    ,,TRUE,Text                     ,6,                                                  ,FALSE,,
TreesSeedlings                                    ,Status                                                                     ,,TRUE,Text                     ,255,                                                  ,FALSE,,
VegResponse                                       ,DamagetoNativesInfo                                                        ,What damage is noted on native species? What species?,FALSE,Memo                     ,0,                                                  ,TRUE,,
VegResponse                                       ,DamagetoNativeSpp                                                          ,Is there collateral damage to native species on site?,FALSE,Yes/No                   ,1,No                                                ,TRUE,,
VegResponse                                       ,LeftSppList                                                                ,targets intentionally left on site,FALSE,Text                     ,255,                                                  ,TRUE,,
VegResponse                                       ,LeftTreesnoted                                                             ,Were the target species noted left intentionally?,FALSE,Yes/No                   ,1,No                                                ,TRUE,,
VegResponse                                       ,LivestockUse                                                               ,Evidence of livestock use following treatment?,FALSE,Yes/No                   ,1,No                                                ,TRUE,,
VegResponse                                       ,LivestockUseComments                                                       ,any other information/notes on livestock use?,FALSE,Memo                     ,0,                                                  ,TRUE,,
VegResponse                                       ,LivestockUseIntensity                                                      ,Intensity of livestock utilization recorded on site,FALSE,Text                     ,255,                                                  ,TRUE,,
VegResponse                                       ,MissedSppList                                                              ,missed species on site,FALSE,Text                     ,255,                                                  ,TRUE,,
VegResponse                                       ,MissedTreesnoted                                                           ,Were the target species missed by initial treatment?,FALSE,Yes/No                   ,1,No                                                ,TRUE,,
VegResponse                                       ,NativeVegResponse                                                          ,NEED TO FIGURE OUT HOW TO DO THIS MORE,FALSE,Text                     ,255,                                                  ,TRUE,,
VegResponse                                       ,PrimaryLandUse                                                             ,primary land use noted during site visit,FALSE,Text                     ,255,                                                  ,TRUE,,
VegResponse                                       ,PrimaryLandUseComments                                                     ,"any other information on primary land use, or history of land use on site?",FALSE,Memo                     ,0,                                                  ,TRUE,,
VegResponse                                       ,ProjectID                                                                  ,,FALSE,Text                     ,255,                                                  ,FALSE,,
VegResponse                                       ,ProjectMaintbyLO                                                           ,Was the project maintained by the landowner?,FALSE,Yes/No                   ,1,No                                                ,TRUE,,
VegResponse                                       ,ProjectMaintbyLOInfo                                                       ,Information on project maintenance actions undertaken by landowner?,FALSE,Text                     ,255,                                                  ,TRUE,,
VegResponse                                       ,ProjectMaintbySWCD                                                         ,Was the project maintained by the SWCD?,FALSE,Yes/No                   ,1,No                                                ,TRUE,,
VegResponse                                       ,ProjectMaintbySWCDInfo                                                     ,Information on project maintenance actions undertaken by SWCDs,FALSE,Memo                     ,0,                                                  ,TRUE,,
VegResponse                                       ,Resproutsnoted                                                             ,Were there resprouts ?,FALSE,Yes/No                   ,1,No                                                ,TRUE,,
VegResponse                                       ,ResproutsSppList                                                           ,target species resprouting on site,FALSE,Text                     ,255,                                                  ,TRUE,,
VegResponse                                       ,SiteRemediationInfo                                                        ,Information on site remediation actions,FALSE,Memo                     ,0,                                                  ,TRUE,,
VegResponse                                       ,SiteRemediationPostTx                                                      ,Were there site remediation actions taken post-treatment?,FALSE,Yes/No                   ,1,No                                                ,TRUE,,
VegResponse                                       ,TargetSppList                                                              ,target species on site,FALSE,Text                     ,255,                                                  ,TRUE,,
VegResponse                                       ,Targetspponsite                                                            ,Were there target species on site during post-treatment site visit?,FALSE,Yes/No                   ,1,No                                                ,TRUE,,
VegResponse                                       ,TargetspponsiteInfo                                                        ,Other information on target species found on site,FALSE,Memo                     ,0,                                                  ,TRUE,,
VegResponse                                       ,VisitID                                                                    ,what site visit was this?,TRUE,Text                     ,255,                                                  ,FALSE,,
Visits                                            ,BEMP                                                                       ,If BEMP data was collected,FALSE,Yes/No                   ,1,No                                                ,TRUE,,
Visits                                            ,Comment                                                                    ,,FALSE,Text                     ,255,                                                  ,TRUE,,
Visits                                            ,Documents                                                                  ,primary document produced as a result of this visit,FALSE,Text                     ,255,                                                  ,TRUE,,
Visits                                            ,Fuels                                                                      ,If fuels data was collected,FALSE,Yes/No                   ,1,No                                                ,TRUE,,
Visits                                            ,NMRAM                                                                      ,If NMRAM data was collected,FALSE,Yes/No                   ,1,No                                                ,TRUE,,
Visits                                            ,Photos                                                                     ,were photographs taken and saved for later use?,FALSE,Yes/No                   ,1,No                                                ,TRUE,,
Visits                                            ,ProjectID                                                                  ,,FALSE,Text                     ,255,                                                  ,TRUE,,
Visits                                            ,Trees                                                                      ,If overstory data was collected,FALSE,Yes/No                   ,1,No                                                ,TRUE,,
Visits                                            ,VisitDate                                                                  ,date of the site visit,FALSE,Date/Time                ,8,                                                  ,TRUE,,
Visits                                            ,VisitID                                                                    ,create a unique site visit ID for this visit. Use project ID + first letter(s) of type + mmdd,TRUE,Text                     ,255,                                                  ,FALSE,,
Visits                                            ,VisitLead                                                                  ,who was responsible for the site visit (would have information),FALSE,Text                     ,255,                                                  ,TRUE,,
Visits                                            ,VisitType                                                                  ,what was the purpose of the site visit?,FALSE,Text                     ,255,                                                  ,TRUE,,
WitnessTree                                       ,AzFromPc                                                                   ,,FALSE,Integer                  ,4,                                                  ,TRUE,,
WitnessTree                                       ,Comment                                                                    ,,FALSE,Text                     ,100,                                                  ,TRUE,,
WitnessTree                                       ,ConditionNotes                                                             ,,FALSE,Text                     ,100,                                                  ,TRUE,,
WitnessTree                                       ,Dbh                                                                        ,,FALSE,Double                   ,8,                                                  ,TRUE,,
WitnessTree                                       ,DistFromPc                                                                 ,,FALSE,Integer                  ,4,                                                  ,TRUE,,
WitnessTree                                       ,EventID                                                                    ,,TRUE,Text                     ,25,                                                  ,FALSE,,
WitnessTree                                       ,FlagColor                                                                  ,,FALSE,Text                     ,10,                                                  ,TRUE,,
WitnessTree                                       ,Height                                                                     ,,FALSE,Double                   ,8,                                                  ,TRUE,,
WitnessTree                                       ,LCBH                                                                       ,,FALSE,Double                   ,8,                                                  ,TRUE,,
WitnessTree                                       ,TreeTag                                                                    ,,TRUE,Integer                  ,4,                                                  ,FALSE,,
WitnessTree                                       ,WitCondition                                                               ,,FALSE,Text                     ,10,                                                  ,TRUE,,
WitnessTree                                       ,WitSpecies                                                                 ,,FALSE,Text                     ,7,                                                  ,TRUE,,
